https://webgate.ec.europa.eu/sanco/traces/output/AE/FFP_AE_en.pdf;AE
https://webgate.ec.europa.eu/sanco/traces/output/AE/MMP_AE_en.pdf;AE
https://webgate.ec.europa.eu/sanco/traces/output/AE/SEM_AE_en.pdf;AE
https://webgate.ec.europa.eu/sanco/traces/output/AF/ABP-COL_AF_en.pdf;AF
https://webgate.ec.europa.eu/sanco/traces/output/AF/ABP-FSB_AF_en.pdf;AF
https://webgate.ec.europa.eu/sanco/traces/output/AF/CAS_AF_en.pdf ;AF
https://webgate.ec.europa.eu/sanco/traces/output/AG/FFP_AG_en.pdf;AG
https://webgate.ec.europa.eu/sanco/traces/output/AL/ABP-COL_AL_en.pdf;AL
https://webgate.ec.europa.eu/sanco/traces/output/AL/ABP-FSB_AL_en.pdf;AL
https://webgate.ec.europa.eu/sanco/traces/output/AL/CAS_AL_en.pdf;AL
https://webgate.ec.europa.eu/sanco/traces/output/AL/FFP_AL_en.pdf;AL
https://webgate.ec.europa.eu/sanco/traces/output/AM/FFP_AM_en.pdf;AM
https://webgate.ec.europa.eu/sanco/traces/output/AO/FFP_AO_en.pdf;AO
https://webgate.ec.europa.eu/sanco/traces/output/AR/ABP-COL_AR_en.pdf;AR
https://webgate.ec.europa.eu/sanco/traces/output/AR/ABP-DP_AR_en.pdf;AR
https://webgate.ec.europa.eu/sanco/traces/output/AR/ABP-FSB_AR_en.pdf;AR
https://webgate.ec.europa.eu/sanco/traces/output/AR/ABP-GT_AR_en.pdf;AR
https://webgate.ec.europa.eu/sanco/traces/output/AR/ABP-IP_AR_en.pdf;AR
https://webgate.ec.europa.eu/sanco/traces/output/AR/ABP-MP_AR_en.pdf;AR
https://webgate.ec.europa.eu/sanco/traces/output/AR/ABP-PET_AR_en.pdf;AR
https://webgate.ec.europa.eu/sanco/traces/output/AR/ABP-SH_AR_en.pdf;AR
https://webgate.ec.europa.eu/sanco/traces/output/AR/CAS_AR_en.pdf;AR
https://webgate.ec.europa.eu/sanco/traces/output/AR/EMB_AR_en.pdf;AR
https://webgate.ec.europa.eu/sanco/traces/output/AR/FFP_AR_en.pdf;AR
https://webgate.ec.europa.eu/sanco/traces/output/AR/GEL_AR_en.pdf;AR
https://webgate.ec.europa.eu/sanco/traces/output/AR/GM_AR_en.pdf;AR
https://webgate.ec.europa.eu/sanco/traces/output/AR/MM_AR_en.pdf;AR
https://webgate.ec.europa.eu/sanco/traces/output/AR/MMP_AR_en.pdf;AR
https://webgate.ec.europa.eu/sanco/traces/output/AR/PM_AR_en.pdf;AR
https://webgate.ec.europa.eu/sanco/traces/output/AR/RM_AR_en.pdf;AR
https://webgate.ec.europa.eu/sanco/traces/output/AR/RPM_AR_en.pdf;AR
https://webgate.ec.europa.eu/sanco/traces/output/AR/SEM_AR_en.pdf;AR
https://webgate.ec.europa.eu/sanco/traces/output/AR/WM_AR_en.pdf;AR
https://webgate.ec.europa.eu/sanco/traces/output/AU/ABP-COL_AU_en.pdf;AU
https://webgate.ec.europa.eu/sanco/traces/output/AU/ABP-FSB_AU_en.pdf;AU
https://webgate.ec.europa.eu/sanco/traces/output/AU/ABP-GT_AU_en.pdf;AU
https://webgate.ec.europa.eu/sanco/traces/output/AU/ABP-IP_AU_en.pdf;AU
https://webgate.ec.europa.eu/sanco/traces/output/AU/ABP-MP_AU_en.pdf;AU
https://webgate.ec.europa.eu/sanco/traces/output/AU/ABP-PET_AU_en.pdf;AU
https://webgate.ec.europa.eu/sanco/traces/output/AU/ABP-SH_AU_en.pdf;AU
https://webgate.ec.europa.eu/sanco/traces/output/AU/CAS_AU_en.pdf;AU
https://webgate.ec.europa.eu/sanco/traces/output/AU/EMB_AU_en.pdf;AU
https://webgate.ec.europa.eu/sanco/traces/output/AU/FFP_AU_en.pdf;AU
https://webgate.ec.europa.eu/sanco/traces/output/AU/GM_AU_en.pdf;AU
https://webgate.ec.europa.eu/sanco/traces/output/AU/LBM_AU_en.pdf;AU
https://webgate.ec.europa.eu/sanco/traces/output/AU/MM_AU_en.pdf;AU
https://webgate.ec.europa.eu/sanco/traces/output/AU/MMP_AU_en.pdf;AU
https://webgate.ec.europa.eu/sanco/traces/output/AU/RM_AU_en.pdf;AU
https://webgate.ec.europa.eu/sanco/traces/output/AU/RPM_AU_en.pdf;AU
https://webgate.ec.europa.eu/sanco/traces/output/AU/SEM_AU_en.pdf;AU
https://webgate.ec.europa.eu/sanco/traces/output/AU/WM_AU_en.pdf;AU
https://webgate.ec.europa.eu/sanco/traces/output/AZ/ABP-GT_AZ_en.pdf;AZ
https://webgate.ec.europa.eu/sanco/traces/output/AZ/FFP_AZ_en.pdf;AZ
https://webgate.ec.europa.eu/sanco/traces/output/BA/ABP-COL_BA_en.pdf;BA
https://webgate.ec.europa.eu/sanco/traces/output/BA/ABP-FSB_BA_en.pdf;BA
https://webgate.ec.europa.eu/sanco/traces/output/BA/FFP_BA_en.pdf;BA
https://webgate.ec.europa.eu/sanco/traces/output/BD/ABP-COL_BD_en.pdf;BD
https://webgate.ec.europa.eu/sanco/traces/output/BD/CAS_BD_en.pdf;BD
https://webgate.ec.europa.eu/sanco/traces/output/BD/FFP_BD_en.pdf;BD
https://webgate.ec.europa.eu/sanco/traces/output/BF/ABP-GT_BF_en.pdf;BF
https://webgate.ec.europa.eu/sanco/traces/output/BH/CAS_BH_en.pdf;BH
https://webgate.ec.europa.eu/sanco/traces/output/BJ/ABP-GT_BJ_en.pdf;BJ
https://webgate.ec.europa.eu/sanco/traces/output/BJ/FFP_BJ_en.pdf;BJ
https://webgate.ec.europa.eu/sanco/traces/output/BO/ABP-COL_BO_en.pdf;BO
https://webgate.ec.europa.eu/sanco/traces/output/BO/ABP-FSB_BO_en.pdf;BO
https://webgate.ec.europa.eu/sanco/traces/output/BR/ABP-COL_BR_en.pdf;BR
https://webgate.ec.europa.eu/sanco/traces/output/BR/ABP-DP_BR_en.pdf;BR
https://webgate.ec.europa.eu/sanco/traces/output/BR/ABP-FSB_BR_en.pdf;BR
https://webgate.ec.europa.eu/sanco/traces/output/BR/ABP-IP_BR_en.pdf;BR
https://webgate.ec.europa.eu/sanco/traces/output/BR/ABP-MP_BR_en.pdf;BR
https://webgate.ec.europa.eu/sanco/traces/output/BR/ABP-PET_BR_en.pdf;BR
https://webgate.ec.europa.eu/sanco/traces/output/BR/ABP-SH_BR_en.pdf;BR
https://webgate.ec.europa.eu/sanco/traces/output/BR/ABP-SOIL_BR_en.pdf;BR
https://webgate.ec.europa.eu/sanco/traces/output/BR/CAS_BR_en.pdf;BR
https://webgate.ec.europa.eu/sanco/traces/output/BR/FFP_BR_en.pdf;BR
https://webgate.ec.europa.eu/sanco/traces/output/BR/GEL_BR_en.pdf;BR
https://webgate.ec.europa.eu/sanco/traces/output/BR/MM_BR_en.pdf;BR
https://webgate.ec.europa.eu/sanco/traces/output/BR/PM_BR_en.pdf;BR
https://webgate.ec.europa.eu/sanco/traces/output/BR/RM_BR_en.pdf;BR
https://webgate.ec.europa.eu/sanco/traces/output/BR/RPM_BR_en.pdf;BR
https://webgate.ec.europa.eu/sanco/traces/output/BR/SEM_BR_en.pdf;BR
https://webgate.ec.europa.eu/sanco/traces/output/BS/FFP_BS_en.pdf;BS
https://webgate.ec.europa.eu/sanco/traces/output/BW/ABP-GT_BW_en.pdf;BW
https://webgate.ec.europa.eu/sanco/traces/output/BW/GM_BW_en.pdf;BW
https://webgate.ec.europa.eu/sanco/traces/output/BW/RM_BW_en.pdf;BW
https://webgate.ec.europa.eu/sanco/traces/output/BY/ABP-COL_BY_en.pdf;BY
https://webgate.ec.europa.eu/sanco/traces/output/BY/ABP-DP_BY_en.pdf;BY
https://webgate.ec.europa.eu/sanco/traces/output/BY/ABP-FSB_BY_en.pdf;BY
https://webgate.ec.europa.eu/sanco/traces/output/BY/ABP-GT_BY_en.pdf;BY
https://webgate.ec.europa.eu/sanco/traces/output/BY/ABP-MP_BY_en.pdf;BY
https://webgate.ec.europa.eu/sanco/traces/output/BY/ABP-PET_BY_en.pdf;BY
https://webgate.ec.europa.eu/sanco/traces/output/BY/ABP-SH_BY_en.pdf;BY
https://webgate.ec.europa.eu/sanco/traces/output/BY/ABP-SOIL_BY_en.pdf;BY
https://webgate.ec.europa.eu/sanco/traces/output/BY/CAS_BY_en.pdf;BY
https://webgate.ec.europa.eu/sanco/traces/output/BY/FFP_BY_en.pdf;BY
https://webgate.ec.europa.eu/sanco/traces/output/BY/GEL_BY_en.pdf;BY
https://webgate.ec.europa.eu/sanco/traces/output/BY/MMP_BY_en.pdf;BY
https://webgate.ec.europa.eu/sanco/traces/output/BZ/FFP_BZ_en.pdf;BZ
https://webgate.ec.europa.eu/sanco/traces/output/CA/ABP-COL_CA_en.pdf;CA
https://webgate.ec.europa.eu/sanco/traces/output/CA/ABP-DP_CA_en.pdf;CA
https://webgate.ec.europa.eu/sanco/traces/output/CA/ABP-FSB_CA_en.pdf;CA
https://webgate.ec.europa.eu/sanco/traces/output/CA/ABP-GT_CA_en.pdf;CA
https://webgate.ec.europa.eu/sanco/traces/output/CA/ABP-IP_CA_en.pdf;CA
https://webgate.ec.europa.eu/sanco/traces/output/CA/ABP-MP_CA_en.pdf;CA
https://webgate.ec.europa.eu/sanco/traces/output/CA/ABP-PET_CA_en.pdf;CA
https://webgate.ec.europa.eu/sanco/traces/output/CA/ABP-SH_CA_en.pdf;CA
https://webgate.ec.europa.eu/sanco/traces/output/CA/CAS_CA_en.pdf;CA
https://webgate.ec.europa.eu/sanco/traces/output/CA/EMB_CA_en.pdf;CA
https://webgate.ec.europa.eu/sanco/traces/output/CA/FFP_CA_en.pdf;CA
https://webgate.ec.europa.eu/sanco/traces/output/CA/GEL_CA_en.pdf;CA
https://webgate.ec.europa.eu/sanco/traces/output/CA/GM_CA_en.pdf;CA
https://webgate.ec.europa.eu/sanco/traces/output/CA/LBM_CA_en.pdf;CA
https://webgate.ec.europa.eu/sanco/traces/output/CA/MM_CA_en.pdf;CA
https://webgate.ec.europa.eu/sanco/traces/output/CA/MMP_CA_en.pdf;CA
https://webgate.ec.europa.eu/sanco/traces/output/CA/PM_CA_en.pdf;CA
https://webgate.ec.europa.eu/sanco/traces/output/CA/RM_CA_en.pdf;CA
https://webgate.ec.europa.eu/sanco/traces/output/CA/RPM_CA_en.pdf;CA
https://webgate.ec.europa.eu/sanco/traces/output/CA/SEM_CA_en.pdf;CA
https://webgate.ec.europa.eu/sanco/traces/output/CA/WM_CA_en.pdf;CA
https://webgate.ec.europa.eu/sanco/traces/output/CF/ABP-FSB_CF_en.pdf;CF
https://webgate.ec.europa.eu/sanco/traces/output/CF/ABP-GT_CF_en.pdf;CF
https://webgate.ec.europa.eu/sanco/traces/output/CG/FFP_CG_en.pdf;CG
https://webgate.ec.europa.eu/sanco/traces/output/CH/ABP-GT_CH_en.pdf;CH
https://webgate.ec.europa.eu/sanco/traces/output/CI/ABP-FSB_CI_en.pdf;CI
https://webgate.ec.europa.eu/sanco/traces/output/CI/FFP_CI_en.pdf;CI
https://webgate.ec.europa.eu/sanco/traces/output/CL/ABP-BBL_CL_en.pdf;CL
https://webgate.ec.europa.eu/sanco/traces/output/CL/ABP-COL_CL_en.pdf;CL
https://webgate.ec.europa.eu/sanco/traces/output/CL/ABP-FSB_CL_en.pdf;CL
https://webgate.ec.europa.eu/sanco/traces/output/CL/ABP-GT_CL_en.pdf;CL
https://webgate.ec.europa.eu/sanco/traces/output/CL/ABP-IP_CL_en.pdf;CL
https://webgate.ec.europa.eu/sanco/traces/output/CL/ABP-MP_CL_en.pdf;CL
https://webgate.ec.europa.eu/sanco/traces/output/CL/ABP-PET_CL_en.pdf;CL
https://webgate.ec.europa.eu/sanco/traces/output/CL/ABP-SH_CL_en.pdf;CL
https://webgate.ec.europa.eu/sanco/traces/output/CL/ABP-SOIL_CL_en.pdf;CL
https://webgate.ec.europa.eu/sanco/traces/output/CL/CAS_CL_en.pdf;CL
https://webgate.ec.europa.eu/sanco/traces/output/CL/FFP_CL_en.pdf;CL
https://webgate.ec.europa.eu/sanco/traces/output/CL/LBM_CL_en.pdf;CL
https://webgate.ec.europa.eu/sanco/traces/output/CL/MM_CL_en.pdf;CL
https://webgate.ec.europa.eu/sanco/traces/output/CL/MMP_CL_en.pdf;CL
https://webgate.ec.europa.eu/sanco/traces/output/CL/PM_CL_en.pdf;CL
https://webgate.ec.europa.eu/sanco/traces/output/CL/RM_CL_en.pdf;CL
https://webgate.ec.europa.eu/sanco/traces/output/CL/RPM_CL_en.pdf;CL
https://webgate.ec.europa.eu/sanco/traces/output/CL/WM_CL_en.pdf;CL
https://webgate.ec.europa.eu/sanco/traces/output/CM/ABP-FSB_CM_en.pdf;CM
https://webgate.ec.europa.eu/sanco/traces/output/CM/ABP-GT_CM_en.pdf;CM
https://webgate.ec.europa.eu/sanco/traces/output/CN/ABP-BBL_CN_en.pdf;CN
https://webgate.ec.europa.eu/sanco/traces/output/CN/ABP-COL_CN_en.pdf;CN
https://webgate.ec.europa.eu/sanco/traces/output/CN/ABP-DP_CN_en.pdf;CN
https://webgate.ec.europa.eu/sanco/traces/output/CN/ABP-FSB_CN_en.pdf;CN
https://webgate.ec.europa.eu/sanco/traces/output/CN/ABP-IP_CN_en.pdf;CN
https://webgate.ec.europa.eu/sanco/traces/output/CN/ABP-MP_CN_en.pdf;CN
https://webgate.ec.europa.eu/sanco/traces/output/CN/ABP-PET_CN_en.pdf;CN
https://webgate.ec.europa.eu/sanco/traces/output/CN/ABP-SOIL_CN_en.pdf;CN
https://webgate.ec.europa.eu/sanco/traces/output/CN/CAS_CN_en.pdf;CN
https://webgate.ec.europa.eu/sanco/traces/output/CN/FFP_CN_en.pdf;CN
https://webgate.ec.europa.eu/sanco/traces/output/CN/PM_CN_en.pdf;CN
https://webgate.ec.europa.eu/sanco/traces/output/CN/RPM_CN_en.pdf;CN
https://webgate.ec.europa.eu/sanco/traces/output/CO/ABP-COL_CO_en.pdf;CO
https://webgate.ec.europa.eu/sanco/traces/output/CO/ABP-FSB_CO_en.pdf;CO
https://webgate.ec.europa.eu/sanco/traces/output/CO/ABP-IP_CO_en.pdf;CO
https://webgate.ec.europa.eu/sanco/traces/output/CO/ABP-PET_CO_en.pdf;CO
https://webgate.ec.europa.eu/sanco/traces/output/CO/ABP-SH_CO_en.pdf;CO
https://webgate.ec.europa.eu/sanco/traces/output/CO/ABP-SOIL_CO_en.pdf;CO
https://webgate.ec.europa.eu/sanco/traces/output/CO/CAS_CO_en.pdf;CO
https://webgate.ec.europa.eu/sanco/traces/output/CO/FFP_CO_en.pdf;CO
https://webgate.ec.europa.eu/sanco/traces/output/CO/GEL_CO_en.pdf;CO
https://webgate.ec.europa.eu/sanco/traces/output/CR/ABP-COL_CR_en.pdf;CR
https://webgate.ec.europa.eu/sanco/traces/output/CR/ABP-FSB_CR_en.pdf;CR
https://webgate.ec.europa.eu/sanco/traces/output/CR/ABP-SH_CR_en.pdf;CR
https://webgate.ec.europa.eu/sanco/traces/output/CR/CAS_CR_en.pdf;CR
https://webgate.ec.europa.eu/sanco/traces/output/CR/FFP_CR_en.pdf;CR
https://webgate.ec.europa.eu/sanco/traces/output/CU/ABP-COL_CU_en.pdf;CU
https://webgate.ec.europa.eu/sanco/traces/output/CU/ABP-FSB_CU_en.pdf;CU
https://webgate.ec.europa.eu/sanco/traces/output/CU/ABP-SOIL_CU_en.pdf;CU
https://webgate.ec.europa.eu/sanco/traces/output/CU/FFP_CU_en.pdf;CU
https://webgate.ec.europa.eu/sanco/traces/output/CV/FFP_CV_en.pdf;CV
https://webgate.ec.europa.eu/sanco/traces/output/CW/ABP-COL_CW_en.pdf;CW
https://webgate.ec.europa.eu/sanco/traces/output/CW/ABP-FSB_CW_en.pdf;CW
https://webgate.ec.europa.eu/sanco/traces/output/CW/FFP_CW_en.pdf;CW
https://webgate.ec.europa.eu/sanco/traces/output/DO/ABP-COL_DO_en.pdf;DO
https://webgate.ec.europa.eu/sanco/traces/output/DO/ABP-FSB_DO_en.pdf;DO
https://webgate.ec.europa.eu/sanco/traces/output/DO/ABP-IP_DO_en.pdf;DO
https://webgate.ec.europa.eu/sanco/traces/output/DZ/ABP-DP_DZ_en.pdf;DZ
https://webgate.ec.europa.eu/sanco/traces/output/DZ/FFP_DZ_en.pdf;DZ
https://webgate.ec.europa.eu/sanco/traces/output/EC/ABP-COL_EC_en.pdf;EC
https://webgate.ec.europa.eu/sanco/traces/output/EC/ABP-DP_EC_en.pdf;EC
https://webgate.ec.europa.eu/sanco/traces/output/EC/ABP-FSB_EC_en.pdf;EC
https://webgate.ec.europa.eu/sanco/traces/output/EC/ABP-PET_EC_en.pdf;EC
https://webgate.ec.europa.eu/sanco/traces/output/EC/ABP-SH_EC_en.pdf;EC
https://webgate.ec.europa.eu/sanco/traces/output/EC/FFP_EC_en.pdf;EC
https://webgate.ec.europa.eu/sanco/traces/output/EG/ABP-COL_EG_en.pdf;EG
https://webgate.ec.europa.eu/sanco/traces/output/EG/CAS_EG_en.pdf;EG
https://webgate.ec.europa.eu/sanco/traces/output/EG/FFP_EG_en.pdf;EG
https://webgate.ec.europa.eu/sanco/traces/output/ER/FFP_ER_en.pdf;ER
https://webgate.ec.europa.eu/sanco/traces/output/ET/ABP-FSB_ET_en.pdf;ET
https://webgate.ec.europa.eu/sanco/traces/output/ET/ABP-GT_ET_en.pdf;ET
https://webgate.ec.europa.eu/sanco/traces/output/FJ/FFP_FJ_en.pdf;FJ
https://webgate.ec.europa.eu/sanco/traces/output/FK/ABP-COL_FK_en.pdf;FK
https://webgate.ec.europa.eu/sanco/traces/output/FK/FFP_FK_en.pdf;FK
https://webgate.ec.europa.eu/sanco/traces/output/FK/RM_FK_en.pdf;FK
https://webgate.ec.europa.eu/sanco/traces/output/FO/ABP-FSB_FO_en.pdf;FO
https://webgate.ec.europa.eu/sanco/traces/output/GA/FFP_GA_en.pdf;GA
https://webgate.ec.europa.eu/sanco/traces/output/GD/FFP_GD_en.pdf;GD
https://webgate.ec.europa.eu/sanco/traces/output/GH/ABP-COL_GH_en.pdf;GH
https://webgate.ec.europa.eu/sanco/traces/output/GH/ABP-FSB_GH_en.pdf;GH
https://webgate.ec.europa.eu/sanco/traces/output/GH/ABP-GT_GH_en.pdf;GH
https://webgate.ec.europa.eu/sanco/traces/output/GH/ABP-IP_GH_en.pdf;GH
https://webgate.ec.europa.eu/sanco/traces/output/GH/FFP_GH_en.pdf;GH
https://webgate.ec.europa.eu/sanco/traces/output/GL/FFP_GL_en.pdf;GL
https://webgate.ec.europa.eu/sanco/traces/output/GL/GM_GL_en.pdf;GL
https://webgate.ec.europa.eu/sanco/traces/output/GL/LBM_GL_en.pdf;GL
https://webgate.ec.europa.eu/sanco/traces/output/GL/RM_GL_en.pdf;GL
https://webgate.ec.europa.eu/sanco/traces/output/GL/WM_GL_en.pdf;GL
https://webgate.ec.europa.eu/sanco/traces/output/GM/FFP_GM_en.pdf;GM
https://webgate.ec.europa.eu/sanco/traces/output/GT/ABP-COL_GT_en.pdf;GT
https://webgate.ec.europa.eu/sanco/traces/output/GT/ABP-FSB_GT_en.pdf;GT
https://webgate.ec.europa.eu/sanco/traces/output/GT/FFP_GT_en.pdf;GT
https://webgate.ec.europa.eu/sanco/traces/output/GY/FFP_GY_en.pdf;GY
https://webgate.ec.europa.eu/sanco/traces/output/HK/RPM_HK_en.pdf;HK
https://webgate.ec.europa.eu/sanco/traces/output/HN/ABP-FSB_HN_en.pdf;HN
https://webgate.ec.europa.eu/sanco/traces/output/HN/ABP-SH_HN_en.pdf;HN
https://webgate.ec.europa.eu/sanco/traces/output/HN/CAS_HN_en.pdf;HN
https://webgate.ec.europa.eu/sanco/traces/output/HN/FFP_HN_en.pdf;HN
https://webgate.ec.europa.eu/sanco/traces/output/ID/FFP_ID_en.pdf;ID
https://webgate.ec.europa.eu/sanco/traces/output/IL/ABP-COL_IL_en.pdf;IL
https://webgate.ec.europa.eu/sanco/traces/output/IL/ABP-FSB_IL_en.pdf;IL
https://webgate.ec.europa.eu/sanco/traces/output/IL/ABP-IP_IL_en.pdf;IL
https://webgate.ec.europa.eu/sanco/traces/output/IL/ABP-MP_IL_en.pdf;IL
https://webgate.ec.europa.eu/sanco/traces/output/IL/ABP-PET_IL_en.pdf;IL
https://webgate.ec.europa.eu/sanco/traces/output/IL/ABP-SH_IL_en.pdf;IL
https://webgate.ec.europa.eu/sanco/traces/output/IL/EMB_IL_en.pdf;IL
https://webgate.ec.europa.eu/sanco/traces/output/IL/FFP_IL_en.pdf;IL
https://webgate.ec.europa.eu/sanco/traces/output/IL/MM_IL_en.pdf;IL
https://webgate.ec.europa.eu/sanco/traces/output/IL/MMP_IL_en.pdf;IL
https://webgate.ec.europa.eu/sanco/traces/output/IL/PM_IL_en.pdf;IL
https://webgate.ec.europa.eu/sanco/traces/output/IL/RPM_IL_en.pdf;IL
https://webgate.ec.europa.eu/sanco/traces/output/IL/SEM_IL_en.pdf;IL
https://webgate.ec.europa.eu/sanco/traces/output/IN/ABP-COL_IN_en.pdf;IN
https://webgate.ec.europa.eu/sanco/traces/output/IN/ABP-FSB_IN_en.pdf;IN
https://webgate.ec.europa.eu/sanco/traces/output/IN/ABP-IP_IN_en.pdf;IN
https://webgate.ec.europa.eu/sanco/traces/output/IN/ABP-MP_IN_en.pdf;IN
https://webgate.ec.europa.eu/sanco/traces/output/IN/ABP-PET_IN_en.pdf;IN
https://webgate.ec.europa.eu/sanco/traces/output/IN/ABP-SOIL_IN_en.pdf;IN
https://webgate.ec.europa.eu/sanco/traces/output/IN/CAS_IN_en.pdf;IN
https://webgate.ec.europa.eu/sanco/traces/output/IN/FFP_IN_en.pdf;IN
https://webgate.ec.europa.eu/sanco/traces/output/IN/GEL_IN_en.pdf;IN
https://webgate.ec.europa.eu/sanco/traces/output/IR/ABP-COL_IR_en.pdf;IR
https://webgate.ec.europa.eu/sanco/traces/output/IR/ABP-GT_IR_en.pdf;IR
https://webgate.ec.europa.eu/sanco/traces/output/IR/CAS_IR_en.pdf;IR
https://webgate.ec.europa.eu/sanco/traces/output/IR/FFP_IR_en.pdf;IR
https://webgate.ec.europa.eu/sanco/traces/output/JM/FFP_JM_en.pdf;JM
https://webgate.ec.europa.eu/sanco/traces/output/JM/LBM_JM_en.pdf;JM
https://webgate.ec.europa.eu/sanco/traces/output/JP/ABP-FSB_JP_en.pdf;JP
https://webgate.ec.europa.eu/sanco/traces/output/JP/ABP-IP_JP_en.pdf;JP
https://webgate.ec.europa.eu/sanco/traces/output/JP/ABP-PET_JP_en.pdf;JP
https://webgate.ec.europa.eu/sanco/traces/output/JP/CAS_JP_en.pdf;JP
https://webgate.ec.europa.eu/sanco/traces/output/JP/FFP_JP_en.pdf;JP
https://webgate.ec.europa.eu/sanco/traces/output/JP/LBM_JP_en.pdf;JP
https://webgate.ec.europa.eu/sanco/traces/output/KE/ABP-COL_KE_en.pdf;KE
https://webgate.ec.europa.eu/sanco/traces/output/KE/FFP_KE_en.pdf;KE
https://webgate.ec.europa.eu/sanco/traces/output/KG/ABP-COL_KG_en.pdf;KG
https://webgate.ec.europa.eu/sanco/traces/output/KG/ABP-GT_KG_en.pdf;KG
https://webgate.ec.europa.eu/sanco/traces/output/KR/ABP-COL_KR_en.pdf;KR
https://webgate.ec.europa.eu/sanco/traces/output/KR/ABP-DP_KR_en.pdf;KR
https://webgate.ec.europa.eu/sanco/traces/output/KR/ABP-FSB_KR_en.pdf;KR
https://webgate.ec.europa.eu/sanco/traces/output/KR/ABP-IP_KR_en.pdf;KR
https://webgate.ec.europa.eu/sanco/traces/output/KR/ABP-PET_KR_en.pdf;KR
https://webgate.ec.europa.eu/sanco/traces/output/KR/ABP-SH_KR_en.pdf;KR
https://webgate.ec.europa.eu/sanco/traces/output/KR/FFP_KR_en.pdf;KR
https://webgate.ec.europa.eu/sanco/traces/output/KR/GEL_KR_en.pdf;KR
https://webgate.ec.europa.eu/sanco/traces/output/KR/LBM_KR_en.pdf;KR
https://webgate.ec.europa.eu/sanco/traces/output/KZ/ABP-DP_KZ_en.pdf;KZ
https://webgate.ec.europa.eu/sanco/traces/output/KZ/ABP-FSB_KZ_en.pdf;KZ
https://webgate.ec.europa.eu/sanco/traces/output/KZ/ABP-GT_KZ_en.pdf;KZ
https://webgate.ec.europa.eu/sanco/traces/output/KZ/ABP-PET_KZ_en.pdf;KZ
https://webgate.ec.europa.eu/sanco/traces/output/KZ/FFP_KZ_en.pdf;KZ
https://webgate.ec.europa.eu/sanco/traces/output/LA/ABP-FSB_LA_en.pdf;LA
https://webgate.ec.europa.eu/sanco/traces/output/LB/ABP-FSB_LB_en.pdf;LB
https://webgate.ec.europa.eu/sanco/traces/output/LB/CAS_LB_en.pdf;LB
https://webgate.ec.europa.eu/sanco/traces/output/LK/ABP-FSB_LK_en.pdf;LK
https://webgate.ec.europa.eu/sanco/traces/output/LK/ABP-PET_LK_en.pdf;LK
https://webgate.ec.europa.eu/sanco/traces/output/LK/FFP_LK_en.pdf;LK
https://webgate.ec.europa.eu/sanco/traces/output/MA/ABP-BBL_MA_en.pdf;MA
https://webgate.ec.europa.eu/sanco/traces/output/MA/ABP-COL_MA_en.pdf;MA
https://webgate.ec.europa.eu/sanco/traces/output/MA/ABP-FSB_MA_en.pdf;MA
https://webgate.ec.europa.eu/sanco/traces/output/MA/CAS_MA_en.pdf;MA
https://webgate.ec.europa.eu/sanco/traces/output/MA/FFP_MA_en.pdf;MA
https://webgate.ec.europa.eu/sanco/traces/output/MA/LBM_MA_en.pdf;MA
https://webgate.ec.europa.eu/sanco/traces/output/MA/SEM_MA_en.pdf;MA
https://webgate.ec.europa.eu/sanco/traces/output/MD/ABP-COL_MD_en.pdf;MD
https://webgate.ec.europa.eu/sanco/traces/output/MD/ABP-FSB_MD_en.pdf;MD
https://webgate.ec.europa.eu/sanco/traces/output/ME/ABP-COL_ME_en.pdf;ME
https://webgate.ec.europa.eu/sanco/traces/output/ME/FFP_ME_en.pdf;ME
https://webgate.ec.europa.eu/sanco/traces/output/MG/ABP-IP_MG_en.pdf;MG
https://webgate.ec.europa.eu/sanco/traces/output/MG/ABP-SOIL_MG_en.pdf;MG
https://webgate.ec.europa.eu/sanco/traces/output/MG/FFP_MG_en.pdf;MG
https://webgate.ec.europa.eu/sanco/traces/output/MK/ABP-COL_MK_en.pdf;MK
https://webgate.ec.europa.eu/sanco/traces/output/MK/ABP-FSB_MK_en.pdf;MK
https://webgate.ec.europa.eu/sanco/traces/output/MK/ABP-GT_MK_en.pdf;MK
https://webgate.ec.europa.eu/sanco/traces/output/MK/MMP_MK_en.pdf;MK
https://webgate.ec.europa.eu/sanco/traces/output/MK/RM_MK_en.pdf;MK
https://webgate.ec.europa.eu/sanco/traces/output/MM/FFP_MM_en.pdf;MM
https://webgate.ec.europa.eu/sanco/traces/output/MN/ABP-COL_MN_en.pdf;MN
https://webgate.ec.europa.eu/sanco/traces/output/MN/ABP-GT_MN_en.pdf;MN
https://webgate.ec.europa.eu/sanco/traces/output/MN/CAS_MN_en.pdf;MN
https://webgate.ec.europa.eu/sanco/traces/output/MR/ABP-FSB_MR_en.pdf;MR
https://webgate.ec.europa.eu/sanco/traces/output/MR/ABP-GT_MR_en.pdf;MR
https://webgate.ec.europa.eu/sanco/traces/output/MR/FFP_MR_en.pdf;MR
https://webgate.ec.europa.eu/sanco/traces/output/MU/ABP-FSB_MU_en.pdf;MU
https://webgate.ec.europa.eu/sanco/traces/output/MU/ABP-GT_MU_en.pdf;MU
https://webgate.ec.europa.eu/sanco/traces/output/MU/FFP_MU_en.pdf;MU
https://webgate.ec.europa.eu/sanco/traces/output/MV/FFP_MV_en.pdf;MV
https://webgate.ec.europa.eu/sanco/traces/output/MX/ABP-BBL_MX_en.pdf;MX
https://webgate.ec.europa.eu/sanco/traces/output/MX/ABP-COL_MX_en.pdf;MX
https://webgate.ec.europa.eu/sanco/traces/output/MX/ABP-FSB_MX_en.pdf;MX
https://webgate.ec.europa.eu/sanco/traces/output/MX/ABP-GT_MX_en.pdf;MX
https://webgate.ec.europa.eu/sanco/traces/output/MX/ABP-IP_MX_en.pdf;MX
https://webgate.ec.europa.eu/sanco/traces/output/MX/ABP-PET_MX_en.pdf;MX
https://webgate.ec.europa.eu/sanco/traces/output/MX/ABP-SH_MX_en.pdf;MX
https://webgate.ec.europa.eu/sanco/traces/output/MX/FFP_MX_en.pdf;MX
https://webgate.ec.europa.eu/sanco/traces/output/MX/RM_MX_en.pdf;MX
https://webgate.ec.europa.eu/sanco/traces/output/MX/RPM_MX_en.pdf;MX
https://webgate.ec.europa.eu/sanco/traces/output/MY/FFP_MY_en.pdf;MY
https://webgate.ec.europa.eu/sanco/traces/output/MY/RPM_MY_en.pdf;MY
https://webgate.ec.europa.eu/sanco/traces/output/MZ/ABP-GT_MZ_en.pdf;MZ
https://webgate.ec.europa.eu/sanco/traces/output/MZ/FFP_MZ_en.pdf;MZ
https://webgate.ec.europa.eu/sanco/traces/output/NA/ABP-FSB_NA_en.pdf;NA
https://webgate.ec.europa.eu/sanco/traces/output/NA/ABP-GT_NA_en.pdf;NA
https://webgate.ec.europa.eu/sanco/traces/output/NA/FFP_NA_en.pdf;NA
https://webgate.ec.europa.eu/sanco/traces/output/NA/RM_NA_en.pdf;NA
https://webgate.ec.europa.eu/sanco/traces/output/NA/WM_NA_en.pdf;NA
https://webgate.ec.europa.eu/sanco/traces/output/NC/FFP_NC_en.pdf;NC
https://webgate.ec.europa.eu/sanco/traces/output/NC/GM_NC_en.pdf;NC
https://webgate.ec.europa.eu/sanco/traces/output/NG/ABP-COL_NG_en.pdf;NG
https://webgate.ec.europa.eu/sanco/traces/output/NG/ABP-FSB_NG_en.pdf;NG
https://webgate.ec.europa.eu/sanco/traces/output/NG/ABP-GT_NG_en.pdf;NG
https://webgate.ec.europa.eu/sanco/traces/output/NG/ABP-IP_NG_en.pdf;NG
https://webgate.ec.europa.eu/sanco/traces/output/NG/FFP_NG_en.pdf;NG
https://webgate.ec.europa.eu/sanco/traces/output/NI/ABP-COL_NI_en.pdf;NI
https://webgate.ec.europa.eu/sanco/traces/output/NI/ABP-FSB_NI_en.pdf;NI
https://webgate.ec.europa.eu/sanco/traces/output/NI/ABP-IP_NI_en.pdf;NI
https://webgate.ec.europa.eu/sanco/traces/output/NI/ABP-SH_NI_en.pdf;NI
https://webgate.ec.europa.eu/sanco/traces/output/NI/CAS_NI_en.pdf;NI
https://webgate.ec.europa.eu/sanco/traces/output/NI/FFP_NI_en.pdf;NI
https://webgate.ec.europa.eu/sanco/traces/output/NO/OTHERHOLD_NO_en.pdf;NO
https://webgate.ec.europa.eu/sanco/traces/output/NP/ABP-GT_NP_en.pdf;NP
https://webgate.ec.europa.eu/sanco/traces/output/NZ/ABP-COL_NZ_en.pdf;NZ
https://webgate.ec.europa.eu/sanco/traces/output/NZ/ABP-DP_NZ_en.pdf;NZ
https://webgate.ec.europa.eu/sanco/traces/output/NZ/ABP-FSB_NZ_en.pdf;NZ
https://webgate.ec.europa.eu/sanco/traces/output/NZ/ABP-GT_NZ_en.pdf;NZ
https://webgate.ec.europa.eu/sanco/traces/output/NZ/ABP-IP_NZ_en.pdf;NZ
https://webgate.ec.europa.eu/sanco/traces/output/NZ/ABP-MP_NZ_en.pdf;NZ
https://webgate.ec.europa.eu/sanco/traces/output/NZ/ABP-PET_NZ_en.pdf;NZ
https://webgate.ec.europa.eu/sanco/traces/output/NZ/ABP-SH_NZ_en.pdf;NZ
https://webgate.ec.europa.eu/sanco/traces/output/NZ/ABP-SOIL_NZ_en.pdf;NZ
https://webgate.ec.europa.eu/sanco/traces/output/NZ/CAS_NZ_en.pdf;NZ
https://webgate.ec.europa.eu/sanco/traces/output/NZ/EMB_NZ_en.pdf;NZ
https://webgate.ec.europa.eu/sanco/traces/output/NZ/FFP_NZ_en.pdf;NZ
https://webgate.ec.europa.eu/sanco/traces/output/NZ/GM_NZ_en.pdf;NZ
https://webgate.ec.europa.eu/sanco/traces/output/NZ/LBM_NZ_en.pdf;NZ
https://webgate.ec.europa.eu/sanco/traces/output/NZ/MM_NZ_en.pdf;NZ
https://webgate.ec.europa.eu/sanco/traces/output/NZ/MMP_NZ_en.pdf;NZ
https://webgate.ec.europa.eu/sanco/traces/output/NZ/RM_NZ_en.pdf;NZ
https://webgate.ec.europa.eu/sanco/traces/output/NZ/RPM_NZ_en.pdf;NZ
https://webgate.ec.europa.eu/sanco/traces/output/NZ/SEM_NZ_en.pdf;NZ
https://webgate.ec.europa.eu/sanco/traces/output/NZ/WM_NZ_en.pdf;NZ
https://webgate.ec.europa.eu/sanco/traces/output/OM/CAS_OM_en.pdf;OM
https://webgate.ec.europa.eu/sanco/traces/output/OM/FFP_OM_en.pdf;OM
https://webgate.ec.europa.eu/sanco/traces/output/PA/ABP-COL_PA_en.pdf;PA
https://webgate.ec.europa.eu/sanco/traces/output/PA/ABP-FSB_PA_en.pdf;PA
https://webgate.ec.europa.eu/sanco/traces/output/PA/ABP-SH_PA_en.pdf;PA
https://webgate.ec.europa.eu/sanco/traces/output/PA/FFP_PA_en.pdf;PA
https://webgate.ec.europa.eu/sanco/traces/output/PE/ABP-COL_PE_en.pdf;PE
https://webgate.ec.europa.eu/sanco/traces/output/PE/ABP-FSB_PE_en.pdf;PE
https://webgate.ec.europa.eu/sanco/traces/output/PE/ABP-SH_PE_en.pdf;PE
https://webgate.ec.europa.eu/sanco/traces/output/PE/CAS_PE_en.pdf;PE
https://webgate.ec.europa.eu/sanco/traces/output/PE/FFP_PE_en.pdf;PE
https://webgate.ec.europa.eu/sanco/traces/output/PE/LBM_PE_en.pdf;PE
https://webgate.ec.europa.eu/sanco/traces/output/PF/FFP_PF_en.pdf;PF
https://webgate.ec.europa.eu/sanco/traces/output/PG/FFP_PG_en.pdf;PG
https://webgate.ec.europa.eu/sanco/traces/output/PH/FFP_PH_en.pdf;PH
https://webgate.ec.europa.eu/sanco/traces/output/PK/ABP-COL_PK_en.pdf;PK
https://webgate.ec.europa.eu/sanco/traces/output/PK/ABP-GT_PK_en.pdf;PK
https://webgate.ec.europa.eu/sanco/traces/output/PK/CAS_PK_en.pdf;PK
https://webgate.ec.europa.eu/sanco/traces/output/PK/FFP_PK_en.pdf;PK
https://webgate.ec.europa.eu/sanco/traces/output/PK/GEL_PK_en.pdf;PK
https://webgate.ec.europa.eu/sanco/traces/output/PM/FFP_PM_en.pdf;PM
https://webgate.ec.europa.eu/sanco/traces/output/PY/ABP-COL_PY_en.pdf;PY
https://webgate.ec.europa.eu/sanco/traces/output/PY/ABP-FSB_PY_en.pdf;PY
https://webgate.ec.europa.eu/sanco/traces/output/PY/ABP-IP_PY_en.pdf;PY
https://webgate.ec.europa.eu/sanco/traces/output/PY/ABP-SH_PY_en.pdf;PY
https://webgate.ec.europa.eu/sanco/traces/output/PY/CAS_PY_en.pdf;PY
https://webgate.ec.europa.eu/sanco/traces/output/PY/MM_PY_en.pdf;PY
https://webgate.ec.europa.eu/sanco/traces/output/PY/RM_PY_en.pdf;PY
https://webgate.ec.europa.eu/sanco/traces/output/RS/ABP-COL_RS_en.pdf;RS
https://webgate.ec.europa.eu/sanco/traces/output/RS/ABP-DP_RS_en.pdf;RS
https://webgate.ec.europa.eu/sanco/traces/output/RS/ABP-FSB_RS_en.pdf;RS
https://webgate.ec.europa.eu/sanco/traces/output/RS/ABP-GT_RS_en.pdf;RS
https://webgate.ec.europa.eu/sanco/traces/output/RS/ABP-PET_RS_en.pdf;RS
https://webgate.ec.europa.eu/sanco/traces/output/RS/ABP-SOIL_RS_en.pdf;RS
https://webgate.ec.europa.eu/sanco/traces/output/RS/FFP_RS_en.pdf;RS
https://webgate.ec.europa.eu/sanco/traces/output/RS/MM_RS_en.pdf;RS
https://webgate.ec.europa.eu/sanco/traces/output/RS/MMP_RS_en.pdf;RS
https://webgate.ec.europa.eu/sanco/traces/output/RS/PM_RS_en.pdf;RS
https://webgate.ec.europa.eu/sanco/traces/output/RS/RM_RS_en.pdf;RS
https://webgate.ec.europa.eu/sanco/traces/output/RS/RPM_RS_en.pdf;RS
https://webgate.ec.europa.eu/sanco/traces/output/RU/ABP-COL_RU_en.pdf;RU
https://webgate.ec.europa.eu/sanco/traces/output/RU/ABP-DP_RU_en.pdf;RU
https://webgate.ec.europa.eu/sanco/traces/output/RU/ABP-FSB_RU_en.pdf;RU
https://webgate.ec.europa.eu/sanco/traces/output/RU/ABP-GT_RU_en.pdf;RU
https://webgate.ec.europa.eu/sanco/traces/output/RU/ABP-IP_RU_en.pdf;RU
https://webgate.ec.europa.eu/sanco/traces/output/RU/ABP-MP_RU_en.pdf;RU
https://webgate.ec.europa.eu/sanco/traces/output/RU/ABP-PET_RU_en.pdf;RU
https://webgate.ec.europa.eu/sanco/traces/output/RU/ABP-SH_RU_en.pdf;RU
https://webgate.ec.europa.eu/sanco/traces/output/RU/ABP-SOIL_RU_en.pdf;RU
https://webgate.ec.europa.eu/sanco/traces/output/RU/CAS_RU_en.pdf;RU
https://webgate.ec.europa.eu/sanco/traces/output/RU/FFP_RU_en.pdf;RU
https://webgate.ec.europa.eu/sanco/traces/output/RU/GM_RU_en.pdf;RU
https://webgate.ec.europa.eu/sanco/traces/output/RU/MMP_RU_en.pdf;RU
https://webgate.ec.europa.eu/sanco/traces/output/RU/RPM_RU_en.pdf;RU
https://webgate.ec.europa.eu/sanco/traces/output/SA/ABP-COL_SA_en.pdf;SA
https://webgate.ec.europa.eu/sanco/traces/output/SA/FFP_SA_en.pdf;SA
https://webgate.ec.europa.eu/sanco/traces/output/SA/SEM_SA_en.pdf;SA
https://webgate.ec.europa.eu/sanco/traces/output/SB/FFP_SB_en.pdf;SB
https://webgate.ec.europa.eu/sanco/traces/output/SC/ABP-FSB_SC_en.pdf;SC
https://webgate.ec.europa.eu/sanco/traces/output/SC/FFP_SC_en.pdf;SC
https://webgate.ec.europa.eu/sanco/traces/output/SG/ABP-IP_SG_en.pdf;SG
https://webgate.ec.europa.eu/sanco/traces/output/SG/ABP-PET_SG_en.pdf;SG
https://webgate.ec.europa.eu/sanco/traces/output/SG/FFP_SG_en.pdf;SG
https://webgate.ec.europa.eu/sanco/traces/output/SG/MMP_SG_en.pdf;SG
https://webgate.ec.europa.eu/sanco/traces/output/SG/RPM_SG_en.pdf;SG
https://webgate.ec.europa.eu/sanco/traces/output/SH/FFP_SH_en.pdf;SH
https://webgate.ec.europa.eu/sanco/traces/output/SN/ABP-FSB_SN_en.pdf;SN
https://webgate.ec.europa.eu/sanco/traces/output/SN/FFP_SN_en.pdf;SN
https://webgate.ec.europa.eu/sanco/traces/output/SR/FFP_SR_en.pdf;SR
https://webgate.ec.europa.eu/sanco/traces/output/SV/FFP_SV_en.pdf;SV
https://webgate.ec.europa.eu/sanco/traces/output/SX/FFP_SX_en.pdf;SX
https://webgate.ec.europa.eu/sanco/traces/output/SY/ABP-COL_SY_en.pdf;SY
https://webgate.ec.europa.eu/sanco/traces/output/SY/CAS_SY_en.pdf;SY
https://webgate.ec.europa.eu/sanco/traces/output/SZ/RM_SZ_en.pdf;SZ
https://webgate.ec.europa.eu/sanco/traces/output/TG/ABP-FSB_TG_en.pdf;TG
https://webgate.ec.europa.eu/sanco/traces/output/TG/FFP_TG_en.pdf;TG
https://webgate.ec.europa.eu/sanco/traces/output/TH/ABP-DP_TH_en.pdf;TH
https://webgate.ec.europa.eu/sanco/traces/output/TH/ABP-FSB_TH_en.pdf;TH
https://webgate.ec.europa.eu/sanco/traces/output/TH/ABP-PET_TH_en.pdf;TH
https://webgate.ec.europa.eu/sanco/traces/output/TH/FFP_TH_en.pdf;TH
https://webgate.ec.europa.eu/sanco/traces/output/TH/LBM_TH_en.pdf;TH
https://webgate.ec.europa.eu/sanco/traces/output/TH/MM_TH_en.pdf;TH
https://webgate.ec.europa.eu/sanco/traces/output/TH/PM_TH_en.pdf;TH
https://webgate.ec.europa.eu/sanco/traces/output/TH/RPM_TH_en.pdf;TH
https://webgate.ec.europa.eu/sanco/traces/output/TJ/ABP-GT_TJ_en.pdf;TJ
https://webgate.ec.europa.eu/sanco/traces/output/TM/CAS_TM_en.pdf;TM
https://webgate.ec.europa.eu/sanco/traces/output/TN/ABP-COL_TN_en.pdf;TN
https://webgate.ec.europa.eu/sanco/traces/output/TN/ABP-FSB_TN_en.pdf;TN
https://webgate.ec.europa.eu/sanco/traces/output/TN/FFP_TN_en.pdf;TN
https://webgate.ec.europa.eu/sanco/traces/output/TN/LBM_TN_en.pdf;TN
https://webgate.ec.europa.eu/sanco/traces/output/TN/WM_TN_en.pdf;TN
https://webgate.ec.europa.eu/sanco/traces/output/TR/ABP-COL_TR_en.pdf;TR
https://webgate.ec.europa.eu/sanco/traces/output/TR/ABP-DP_TR_en.pdf;TR
https://webgate.ec.europa.eu/sanco/traces/output/TR/ABP-FSB_TR_en.pdf;TR
https://webgate.ec.europa.eu/sanco/traces/output/TR/ABP-GT_TR_en.pdf;TR
https://webgate.ec.europa.eu/sanco/traces/output/TR/ABP-PET_TR_en.pdf;TR
https://webgate.ec.europa.eu/sanco/traces/output/TR/ABP-SOIL_TR_en.pdf;TR
https://webgate.ec.europa.eu/sanco/traces/output/TR/CAS_TR_en.pdf;TR
https://webgate.ec.europa.eu/sanco/traces/output/TR/FFP_TR_en.pdf;TR
https://webgate.ec.europa.eu/sanco/traces/output/TR/GEL_TR_en.pdf;TR
https://webgate.ec.europa.eu/sanco/traces/output/TR/LBM_TR_en.pdf;TR
https://webgate.ec.europa.eu/sanco/traces/output/TR/MMP_TR_en.pdf;TR
https://webgate.ec.europa.eu/sanco/traces/output/TR/RPM_TR_en.pdf;TR
https://webgate.ec.europa.eu/sanco/traces/output/TW/ABP-COL_TW_en.pdf;TW
https://webgate.ec.europa.eu/sanco/traces/output/TW/ABP-FSB_TW_en.pdf;TW
https://webgate.ec.europa.eu/sanco/traces/output/TW/ABP-PET_TW_en.pdf;TW
https://webgate.ec.europa.eu/sanco/traces/output/TW/FFP_TW_en.pdf;TW
https://webgate.ec.europa.eu/sanco/traces/output/TW/GEL_TW_en.pdf;TW
https://webgate.ec.europa.eu/sanco/traces/output/TZ/ABP-FSB_TZ_en.pdf;TZ
https://webgate.ec.europa.eu/sanco/traces/output/TZ/ABP-GT_TZ_en.pdf;TZ
https://webgate.ec.europa.eu/sanco/traces/output/TZ/FFP_TZ_en.pdf;TZ
https://webgate.ec.europa.eu/sanco/traces/output/UA/ABP-COL_UA_en.pdf;UA
https://webgate.ec.europa.eu/sanco/traces/output/UA/ABP-DP_UA_en.pdf;UA
https://webgate.ec.europa.eu/sanco/traces/output/UA/ABP-FSB_UA_en.pdf;UA
https://webgate.ec.europa.eu/sanco/traces/output/UA/ABP-MP_UA_en.pdf;UA
https://webgate.ec.europa.eu/sanco/traces/output/UA/ABP-PET_UA_en.pdf;UA
https://webgate.ec.europa.eu/sanco/traces/output/UA/ABP-SOIL_UA_en.pdf;UA
https://webgate.ec.europa.eu/sanco/traces/output/UA/CAS_UA_en.pdf;UA
https://webgate.ec.europa.eu/sanco/traces/output/UA/FFP_UA_en.pdf;UA
https://webgate.ec.europa.eu/sanco/traces/output/UA/PM_UA_en.pdf;UA
https://webgate.ec.europa.eu/sanco/traces/output/UA/RPM_UA_en.pdf;UA
https://webgate.ec.europa.eu/sanco/traces/output/UA/SEM_UA_en.pdf;UA
https://webgate.ec.europa.eu/sanco/traces/output/UG/ABP-COL_UG_en.pdf;UG
https://webgate.ec.europa.eu/sanco/traces/output/UG/ABP-FSB_UG_en.pdf;UG
https://webgate.ec.europa.eu/sanco/traces/output/UG/ABP-GT_UG_en.pdf;UG
https://webgate.ec.europa.eu/sanco/traces/output/UG/FFP_UG_en.pdf;UG
https://webgate.ec.europa.eu/sanco/traces/output/US/ABP-COL_US_en.pdf;US
https://webgate.ec.europa.eu/sanco/traces/output/US/ABP-DP_US_en.pdf;US
https://webgate.ec.europa.eu/sanco/traces/output/US/ABP-FSB_US_en.pdf;US
https://webgate.ec.europa.eu/sanco/traces/output/US/ABP-GT_US_en.pdf;US
https://webgate.ec.europa.eu/sanco/traces/output/US/ABP-IP_US_en.pdf;US
https://webgate.ec.europa.eu/sanco/traces/output/US/ABP-PET_US_en.pdf;US
https://webgate.ec.europa.eu/sanco/traces/output/US/ABP-SOIL_US_en.pdf;US
https://webgate.ec.europa.eu/sanco/traces/output/US/CAS_US_en.pdf;US
https://webgate.ec.europa.eu/sanco/traces/output/US/EMB_US_en.pdf;US
https://webgate.ec.europa.eu/sanco/traces/output/US/FFP_US_en.pdf;US
https://webgate.ec.europa.eu/sanco/traces/output/US/GEL_US_en.pdf;US
https://webgate.ec.europa.eu/sanco/traces/output/US/GM_US_en.pdf;US
https://webgate.ec.europa.eu/sanco/traces/output/US/MM_US_en.pdf;US
https://webgate.ec.europa.eu/sanco/traces/output/US/MMP_US_en.pdf;US
https://webgate.ec.europa.eu/sanco/traces/output/US/PM_US_en.pdf;US
https://webgate.ec.europa.eu/sanco/traces/output/US/RM_US_en.pdf;US
https://webgate.ec.europa.eu/sanco/traces/output/US/RPM_US_en.pdf;US
https://webgate.ec.europa.eu/sanco/traces/output/US/SEM_US_en.pdf;US
https://webgate.ec.europa.eu/sanco/traces/output/US/WM_US_en.pdf;US
https://webgate.ec.europa.eu/sanco/traces/output/UY/ABP-BBL_UY_en.pdf;UY
https://webgate.ec.europa.eu/sanco/traces/output/UY/ABP-COL_UY_en.pdf;UY
https://webgate.ec.europa.eu/sanco/traces/output/UY/ABP-DP_UY_en.pdf;UY
https://webgate.ec.europa.eu/sanco/traces/output/UY/ABP-FSB_UY_en.pdf;UY
https://webgate.ec.europa.eu/sanco/traces/output/UY/ABP-PET_UY_en.pdf;UY
https://webgate.ec.europa.eu/sanco/traces/output/UY/ABP-SH_UY_en.pdf;UY
https://webgate.ec.europa.eu/sanco/traces/output/UY/CAS_UY_en.pdf;UY
https://webgate.ec.europa.eu/sanco/traces/output/UY/FFP_UY_en.pdf;UY
https://webgate.ec.europa.eu/sanco/traces/output/UY/GM_UY_en.pdf;UY
https://webgate.ec.europa.eu/sanco/traces/output/UY/LBM_UY_en.pdf;UY
https://webgate.ec.europa.eu/sanco/traces/output/UY/MM_UY_en.pdf;UY
https://webgate.ec.europa.eu/sanco/traces/output/UY/MMP_UY_en.pdf;UY
https://webgate.ec.europa.eu/sanco/traces/output/UY/PM_UY_en.pdf;UY
https://webgate.ec.europa.eu/sanco/traces/output/UY/RM_UY_en.pdf;UY
https://webgate.ec.europa.eu/sanco/traces/output/UY/RPM_UY_en.pdf;UY
https://webgate.ec.europa.eu/sanco/traces/output/UY/SEM_UY_en.pdf;UY
https://webgate.ec.europa.eu/sanco/traces/output/UY/WM_UY_en.pdf;UY
https://webgate.ec.europa.eu/sanco/traces/output/UZ/CAS_UZ_en.pdf;UZ
https://webgate.ec.europa.eu/sanco/traces/output/VE/FFP_VE_en.pdf;VE
https://webgate.ec.europa.eu/sanco/traces/output/VN/FFP_VN_en.pdf;VN
https://webgate.ec.europa.eu/sanco/traces/output/VN/LBM_VN_en.pdf;VN
https://webgate.ec.europa.eu/sanco/traces/output/XK/ABP-COL_XK_en.pdf;XK
https://webgate.ec.europa.eu/sanco/traces/output/XK/ABP-FSB_XK_en.pdf;XK
https://webgate.ec.europa.eu/sanco/traces/output/YE/ABP-FSB_YE_en.pdf;YE
https://webgate.ec.europa.eu/sanco/traces/output/YE/FFP_YE_en.pdf;YE
https://webgate.ec.europa.eu/sanco/traces/output/ZA/ABP-COL_ZA_en.pdf;ZA
https://webgate.ec.europa.eu/sanco/traces/output/ZA/ABP-FSB_ZA_en.pdf;ZA
https://webgate.ec.europa.eu/sanco/traces/output/ZA/ABP-GT_ZA_en.pdf;ZA
https://webgate.ec.europa.eu/sanco/traces/output/ZA/ABP-IP_ZA_en.pdf;ZA
https://webgate.ec.europa.eu/sanco/traces/output/ZA/ABP-PET_ZA_en.pdf;ZA
https://webgate.ec.europa.eu/sanco/traces/output/ZA/FFP_ZA_en.pdf;ZA
https://webgate.ec.europa.eu/sanco/traces/output/ZA/GM_ZA_en.pdf;ZA
https://webgate.ec.europa.eu/sanco/traces/output/ZA/MM_ZA_en.pdf;ZA
https://webgate.ec.europa.eu/sanco/traces/output/ZA/RM_ZA_en.pdf;ZA
https://webgate.ec.europa.eu/sanco/traces/output/ZA/RPM_ZA_en.pdf;ZA
https://webgate.ec.europa.eu/sanco/traces/output/ZA/WM_ZA_en.pdf;ZA
https://webgate.ec.europa.eu/sanco/traces/output/ZM/ABP-FSB_ZM_en.pdf;ZM
https://webgate.ec.europa.eu/sanco/traces/output/ZM/ABP-GT_ZM_en.pdf;ZM
https://webgate.ec.europa.eu/sanco/traces/output/ZW/ABP-COL_ZW_en.pdf;ZW
https://webgate.ec.europa.eu/sanco/traces/output/ZW/ABP-FSB_ZW_en.pdf;ZW
https://webgate.ec.europa.eu/sanco/traces/output/ZW/ABP-GT_ZW_en.pdf;ZW
https://webgate.ec.europa.eu/sanco/traces/output/ZW/FFP_ZW_en.pdf;ZW
https://webgate.ec.europa.eu/sanco/traces/output/ZW/GM_ZW_en.pdf;ZW
https://webgate.ec.europa.eu/sanco/traces/output/ZW/RPM_ZW_en.pdf;ZW
